<?xml version="1.0" encoding="UTF-8"?>
<project-private xmlns="http://www.netbeans.org/ns/project-private/1">
    <editor-bookmarks xmlns="http://www.netbeans.org/ns/editor-bookmarks/2" lastBookmarkId="0"/>
    <open-files xmlns="http://www.netbeans.org/ns/projectui-open-files/2">
        <group>
            <file>file:/D:/Project/Rad/Student%20And%20Teacher%20Management%20System/src/Coding/NewTeacher.java</file>
            <file>file:/D:/Project/Rad/Student%20And%20Teacher%20Management%20System/src/Coding/TeacherDetails.java</file>
            <file>file:/D:/Project/Rad/Student%20And%20Teacher%20Management%20System/src/Coding/NewCard.java</file>
            <file>file:/D:/Project/Rad/Student%20And%20Teacher%20Management%20System/src/Coding/UpdateTeacher.java</file>
            <file>file:/D:/Project/Rad/Student%20And%20Teacher%20Management%20System/src/Coding/StudentDetails.java</file>
            <file>file:/D:/Project/Rad/Student%20And%20Teacher%20Management%20System/src/Coding/UpdateSubject.java</file>
            <file>file:/D:/Project/Rad/Student%20And%20Teacher%20Management%20System/src/Coding/NewSubject.java</file>
            <file>file:/D:/Project/Rad/Student%20And%20Teacher%20Management%20System/src/Coding/MarkAttendance.java</file>
            <file>file:/D:/Project/Rad/Student%20And%20Teacher%20Management%20System/src/Coding/MonthlySubject.java</file>
            <file>file:/D:/Project/Rad/Student%20And%20Teacher%20Management%20System/src/Coding/UpdateCard.java</file>
            <file>file:/D:/Project/Rad/Student%20And%20Teacher%20Management%20System/src/Coding/Attendance.java</file>
            <file>file:/D:/Project/Rad/Student%20And%20Teacher%20Management%20System/src/Coding/MonthlyStudent.java</file>
            <file>file:/D:/Project/Rad/Student%20And%20Teacher%20Management%20System/src/Coding/Report.java</file>
            <file>file:/D:/Project/Rad/Student%20And%20Teacher%20Management%20System/src/Coding/ReportType.java</file>
            <file>file:/D:/Project/Rad/Student%20And%20Teacher%20Management%20System/src/Coding/DailySubject.java</file>
            <file>file:/D:/Project/Rad/Student%20And%20Teacher%20Management%20System/src/Coding/ConnectionManager.java</file>
            <file>file:/D:/Project/Rad/Student%20And%20Teacher%20Management%20System/src/Coding/LogIn.java</file>
            <file>file:/D:/Project/Rad/Student%20And%20Teacher%20Management%20System/src/Coding/UpdateStudent.java</file>
            <file>file:/D:/Project/Rad/Student%20And%20Teacher%20Management%20System/src/Coding/SubjectDetails.java</file>
            <file>file:/D:/Project/Rad/Student%20And%20Teacher%20Management%20System/src/Coding/LowAttendance.java</file>
            <file>file:/D:/Project/Rad/Student%20And%20Teacher%20Management%20System/src/Coding/NewStudent.java</file>
        </group>
    </open-files>
</project-private>
